{"cameraMode":{"drawMode":0,"name":"Shaded","section":"Shading Mode"},"sceneLighting":true,"audioPlay":false,"sceneViewState":{"showFog":true,"showMaterialUpdate":true,"showSkybox":true,"showFlares":true,"showImageEffects":true,"showParticleSystems":true},"in2DMode":false,"pivot":{"x":25.972801208496095,"y":52.86903381347656,"z":9.248863220214844},"rotation":{"x":0.20402377843856812,"y":0.017620351165533067,"z":-0.003672793973237276,"w":0.978800892829895},"size":952.8067626953125,"orthographic":false}